CREATE EXTENSION IF NOT EXISTS postgis;
CREATE TABLE IF NOT EXISTS "__EFMigrationsHistory" (
    "MigrationId" character varying(150) NOT NULL,
    "ProductVersion" character varying(32) NOT NULL,
    CONSTRAINT "PK___EFMigrationsHistory" PRIMARY KEY ("MigrationId")
);

START TRANSACTION;
INSERT INTO "__EFMigrationsHistory" ("MigrationId", "ProductVersion")
VALUES ('20260415105321_InitialCreate', '9.0.14');

ALTER TABLE "Users" ADD "CreatedAt" timestamp with time zone NOT NULL DEFAULT TIMESTAMPTZ '-infinity';

INSERT INTO "__EFMigrationsHistory" ("MigrationId", "ProductVersion")
VALUES ('20260415105504_AddUserCreatedAt', '9.0.14');

CREATE TABLE "Friendships" (
    "Id" bigint GENERATED BY DEFAULT AS IDENTITY,
    "RequesterId" bigint NOT NULL,
    "AddresseeId" bigint NOT NULL,
    "Status" text NOT NULL,
    "CreatedAt" timestamp with time zone NOT NULL,
    "UpdatedAt" timestamp with time zone,
    CONSTRAINT "PK_Friendships" PRIMARY KEY ("Id"),
    CONSTRAINT "FK_Friendships_Users_AddresseeId" FOREIGN KEY ("AddresseeId") REFERENCES "Users" ("Id") ON DELETE CASCADE,
    CONSTRAINT "FK_Friendships_Users_RequesterId" FOREIGN KEY ("RequesterId") REFERENCES "Users" ("Id") ON DELETE CASCADE
);

CREATE INDEX "IX_Friendships_AddresseeId" ON "Friendships" ("AddresseeId");

CREATE UNIQUE INDEX "IX_Friendships_RequesterId_AddresseeId" ON "Friendships" ("RequesterId", "AddresseeId");

INSERT INTO "__EFMigrationsHistory" ("MigrationId", "ProductVersion")
VALUES ('20260415111426_AddFriendships', '9.0.14');

CREATE TABLE "Zones" (
    "Id" bigint GENERATED BY DEFAULT AS IDENTITY,
    "Name" text NOT NULL,
    "ZoneType" text NOT NULL,
    "Color" text NOT NULL,
    "Boundary" geometry NOT NULL,
    CONSTRAINT "PK_Zones" PRIMARY KEY ("Id")
);

CREATE INDEX "IX_Zones_Boundary" ON "Zones" USING gist ("Boundary");

INSERT INTO "__EFMigrationsHistory" ("MigrationId", "ProductVersion")
VALUES ('20260420112432_AddZones', '9.0.14');

CREATE TABLE "Sections" (
    "Id" bigint GENERATED BY DEFAULT AS IDENTITY,
    "ZoneId" bigint NOT NULL,
    "OrderIndex" integer NOT NULL,
    "CompletionCriteria" text NOT NULL,
    CONSTRAINT "PK_Sections" PRIMARY KEY ("Id"),
    CONSTRAINT "FK_Sections_Zones_ZoneId" FOREIGN KEY ("ZoneId") REFERENCES "Zones" ("Id") ON DELETE CASCADE
);

CREATE UNIQUE INDEX "IX_Sections_OrderIndex" ON "Sections" ("OrderIndex");

CREATE UNIQUE INDEX "IX_Sections_ZoneId" ON "Sections" ("ZoneId");

INSERT INTO "__EFMigrationsHistory" ("MigrationId", "ProductVersion")
VALUES ('20260422183016_AddSections', '9.0.14');

CREATE TABLE "Checkpoints" (
    "Id" bigint GENERATED BY DEFAULT AS IDENTITY,
    "SectionId" bigint NOT NULL,
    "Name" text NOT NULL,
    "Description" text NOT NULL,
    "Location" geometry NOT NULL,
    CONSTRAINT "PK_Checkpoints" PRIMARY KEY ("Id"),
    CONSTRAINT "FK_Checkpoints_Sections_SectionId" FOREIGN KEY ("SectionId") REFERENCES "Sections" ("Id") ON DELETE CASCADE
);

CREATE INDEX "IX_Checkpoints_SectionId" ON "Checkpoints" ("SectionId");

INSERT INTO "__EFMigrationsHistory" ("MigrationId", "ProductVersion")
VALUES ('20260423080000_AddCheckpoints', '9.0.14');

ALTER TABLE "Checkpoints" DROP CONSTRAINT "FK_Checkpoints_Sections_SectionId";

DROP INDEX "IX_Checkpoints_SectionId";

ALTER TABLE "Checkpoints" DROP COLUMN "Description";

ALTER TABLE "Checkpoints" RENAME COLUMN "SectionId" TO "ReferenceId";

ALTER TABLE "Checkpoints" RENAME COLUMN "Name" TO "Type";

ALTER TABLE "Checkpoints" ADD "ZoneId" bigint;

CREATE UNIQUE INDEX "IX_Checkpoints_Type_ReferenceId" ON "Checkpoints" ("Type", "ReferenceId");

CREATE INDEX "IX_Checkpoints_ZoneId" ON "Checkpoints" ("ZoneId");

ALTER TABLE "Checkpoints" ADD CONSTRAINT "FK_Checkpoints_Zones_ZoneId" FOREIGN KEY ("ZoneId") REFERENCES "Zones" ("Id") ON DELETE SET NULL;

INSERT INTO "__EFMigrationsHistory" ("MigrationId", "ProductVersion")
VALUES ('20260425110916_AlterCheckpointRedesign', '9.0.14');

ALTER TABLE "PartyMembers" ADD "Role" text;

ALTER TABLE "Parties" ADD "Status" text NOT NULL DEFAULT '';

CREATE TABLE "PartyVisitedCheckpoints" (
    "Id" bigint GENERATED BY DEFAULT AS IDENTITY,
    "PartyId" bigint NOT NULL,
    "CheckpointId" bigint NOT NULL,
    CONSTRAINT "PK_PartyVisitedCheckpoints" PRIMARY KEY ("Id"),
    CONSTRAINT "FK_PartyVisitedCheckpoints_Checkpoints_CheckpointId" FOREIGN KEY ("CheckpointId") REFERENCES "Checkpoints" ("Id") ON DELETE CASCADE,
    CONSTRAINT "FK_PartyVisitedCheckpoints_Parties_PartyId" FOREIGN KEY ("PartyId") REFERENCES "Parties" ("Id") ON DELETE CASCADE
);

CREATE INDEX "IX_PartyVisitedCheckpoints_CheckpointId" ON "PartyVisitedCheckpoints" ("CheckpointId");

CREATE INDEX "IX_PartyVisitedCheckpoints_PartyId" ON "PartyVisitedCheckpoints" ("PartyId");

INSERT INTO "__EFMigrationsHistory" ("MigrationId", "ProductVersion")
VALUES ('20260426205518_AddGamePlayState', '9.0.14');

ALTER TABLE "Parties" DROP CONSTRAINT "FK_Parties_Quizzes_QuizId";

ALTER TABLE "Parties" ALTER COLUMN "QuizId" DROP NOT NULL;

ALTER TABLE "Parties" ADD CONSTRAINT "FK_Parties_Quizzes_QuizId" FOREIGN KEY ("QuizId") REFERENCES "Quizzes" ("Id");

INSERT INTO "__EFMigrationsHistory" ("MigrationId", "ProductVersion")
VALUES ('20260426214146_MakePartyQuizIdNullable', '9.0.14');

ALTER TABLE "PartyMembers" ADD "PartyId" bigint NOT NULL DEFAULT 0;

INSERT INTO "__EFMigrationsHistory" ("MigrationId", "ProductVersion")
VALUES ('20260427000001_AddPartyMemberPartyId', '9.0.14');


                ALTER TABLE "SensorData"
                    DROP CONSTRAINT IF EXISTS "fk_sensordata_sensors";

                ALTER TABLE "SensorData"
                    ADD CONSTRAINT "fk_sensordata_sensors"
                    FOREIGN KEY ("SensorsId")
                    REFERENCES "Sensors"("Id")
                    ON DELETE CASCADE;
            

INSERT INTO "__EFMigrationsHistory" ("MigrationId", "ProductVersion")
VALUES ('20260427151538_FixSensorDataCascadeDelete', '9.0.14');

ALTER TABLE "Parties" ADD "CreatedAt" timestamp with time zone NOT NULL DEFAULT (NOW());

INSERT INTO "__EFMigrationsHistory" ("MigrationId", "ProductVersion")
VALUES ('20260427162225_AddPartyCreatedAt', '9.0.14');

ALTER TABLE "Parties" ADD "BoundaryZoneId" bigint;

ALTER TABLE "Parties" ADD "CheckpointsPerZone" integer;

ALTER TABLE "Parties" ADD "GroupSize" integer;

ALTER TABLE "Parties" ADD "ZoneCount" integer;

INSERT INTO "__EFMigrationsHistory" ("MigrationId", "ProductVersion")
VALUES ('20260427163224_AddPartyGameConfig', '9.0.14');

CREATE TABLE "Boundaries" (
    "Id" bigint GENERATED BY DEFAULT AS IDENTITY,
    "Name" text NOT NULL,
    "Color" text NOT NULL,
    "Geometry" geometry NOT NULL,
    CONSTRAINT "PK_Boundaries" PRIMARY KEY ("Id")
);

CREATE INDEX "IX_Boundaries_Geometry" ON "Boundaries" USING gist ("Geometry");

INSERT INTO "Boundaries" ("Id", "Name", "Color", "Geometry")
SELECT "Id", "Name", "Color", "Boundary"
FROM "Zones"
WHERE "ZoneType" = 'boundary';

SELECT setval(
    pg_get_serial_sequence('"Boundaries"', 'Id'),
    COALESCE((SELECT MAX("Id") FROM "Boundaries"), 0) + 1,
    false
);

ALTER TABLE "Parties" ADD "BoundaryId" bigint;

UPDATE "Parties" SET "BoundaryId" = "BoundaryZoneId";

ALTER TABLE "Parties" DROP COLUMN "BoundaryZoneId";

UPDATE "Checkpoints" SET "ZoneId" = NULL
WHERE "ZoneId" IN (SELECT "Id" FROM "Zones" WHERE "ZoneType" = 'boundary');

DELETE FROM "Zones" WHERE "ZoneType" = 'boundary';

DROP TABLE "Sections";

INSERT INTO "__EFMigrationsHistory" ("MigrationId", "ProductVersion")
VALUES ('20260427200000_SeparateBoundaryFromZone', '9.0.14');

ALTER TABLE "Zones" ADD "BoundaryId" bigint;

CREATE INDEX "IX_Zones_BoundaryId" ON "Zones" ("BoundaryId");

ALTER TABLE "Zones" ADD CONSTRAINT "FK_Zones_Boundaries_BoundaryId" FOREIGN KEY ("BoundaryId") REFERENCES "Boundaries" ("Id") ON DELETE SET NULL;

INSERT INTO "__EFMigrationsHistory" ("MigrationId", "ProductVersion")
VALUES ('20260427210000_AddZoneBoundaryId', '9.0.14');

ALTER TABLE "Zones" DROP COLUMN "ZoneType";

INSERT INTO "__EFMigrationsHistory" ("MigrationId", "ProductVersion")
VALUES ('20260427220000_DropZoneType', '9.0.14');

ALTER TABLE "Elements" ADD "CreatedAt" timestamp with time zone NOT NULL DEFAULT (now());

ALTER TABLE "Elements" ADD "IsApproved" boolean NOT NULL DEFAULT TRUE;

ALTER TABLE "Elements" ADD "SubmittedBy" text;

CREATE INDEX "IX_Elements_IsApproved" ON "Elements" ("IsApproved");

INSERT INTO "__EFMigrationsHistory" ("MigrationId", "ProductVersion")
VALUES ('20260507165543_AddElementApprovalFields', '9.0.14');

ALTER TABLE "Parties" ADD "AllowedRoles" text NOT NULL DEFAULT 'Scout,Trailblazer,Explorer';

INSERT INTO "__EFMigrationsHistory" ("MigrationId", "ProductVersion")
VALUES ('20260508140745_AddPartyAllowedRoles', '9.0.14');

ALTER TABLE "Users" ADD "AvatarId" integer NOT NULL DEFAULT 0;

INSERT INTO "__EFMigrationsHistory" ("MigrationId", "ProductVersion")
VALUES ('20260510101043_AddUserAvatarId', '9.0.14');

ALTER TABLE "PartyMembers" ADD "Score" bigint NOT NULL DEFAULT 0;

INSERT INTO "__EFMigrationsHistory" ("MigrationId", "ProductVersion")
VALUES ('20260510200331_AddScoreToPartyMember', '9.0.14');


CREATE TABLE IF NOT EXISTS "Quizzes" (
    "Id" bigint GENERATED BY DEFAULT AS IDENTITY PRIMARY KEY
);


CREATE TABLE IF NOT EXISTS "Questions" (
    "Id"          bigint GENERATED BY DEFAULT AS IDENTITY PRIMARY KEY,
    "QuizId"      bigint NOT NULL REFERENCES "Quizzes"("Id") ON DELETE CASCADE,
    "QuestionTxt" text NOT NULL DEFAULT ''
);
CREATE INDEX IF NOT EXISTS "IX_Questions_QuizId" ON "Questions"("QuizId");


CREATE TABLE IF NOT EXISTS "Answers" (
    "Id"         bigint GENERATED BY DEFAULT AS IDENTITY PRIMARY KEY,
    "QuestionId" bigint NOT NULL REFERENCES "Questions"("Id") ON DELETE CASCADE,
    "AnswerTxt"  text NOT NULL DEFAULT '',
    "IsCorrect"  boolean NOT NULL DEFAULT false
);
CREATE INDEX IF NOT EXISTS "IX_Answers_QuestionId" ON "Answers"("QuestionId");


DO $$
BEGIN
  IF NOT EXISTS (
    SELECT 1 FROM information_schema.table_constraints
    WHERE constraint_name = 'FK_Parties_Quizzes_QuizId'
  ) THEN
    ALTER TABLE "Parties"
      ADD CONSTRAINT "FK_Parties_Quizzes_QuizId"
      FOREIGN KEY ("QuizId") REFERENCES "Quizzes"("Id") ON DELETE SET NULL;
  END IF;
END $$;


DO $$
BEGIN
  IF EXISTS (
    SELECT 1 FROM information_schema.table_constraints
    WHERE constraint_name = 'FK_PartyGroupAnswers_Answer_AnswerId'
  ) THEN
    ALTER TABLE "PartyGroupAnswers" DROP CONSTRAINT "FK_PartyGroupAnswers_Answer_AnswerId";
  END IF;

  IF NOT EXISTS (
    SELECT 1 FROM information_schema.table_constraints
    WHERE constraint_name = 'FK_PartyGroupAnswers_Answers_AnswerId'
  ) THEN
    ALTER TABLE "PartyGroupAnswers"
      ADD CONSTRAINT "FK_PartyGroupAnswers_Answers_AnswerId"
      FOREIGN KEY ("AnswerId") REFERENCES "Answers"("Id") ON DELETE CASCADE;
  END IF;
END $$;


INSERT INTO "Quizzes" ("Id") VALUES (1) ON CONFLICT DO NOTHING;
SELECT setval(pg_get_serial_sequence('"Quizzes"', 'Id'), GREATEST(1, MAX("Id"))) FROM "Quizzes";


INSERT INTO "Questions" ("Id", "QuizId", "QuestionTxt") VALUES
(1,  1, 'Which gas do trees absorb during photosynthesis?'),
(2,  1, 'What is the main cause of soil erosion in arboretums?'),
(3,  1, 'Which of these is a renewable energy source?'),
(4,  1, 'What percentage of the Earth''s surface is covered by forests?'),
(5,  1, 'Which practice helps maintain biodiversity in an arboretum?'),
(6,  1, 'What is carbon sequestration?'),
(7,  1, 'Which insect is most important for pollinating plants?'),
(8,  1, 'What does invasive species mean?'),
(9,  1, 'Which of the following reduces water usage in gardens?'),
(10, 1, 'What is the role of decomposers in an ecosystem?')
ON CONFLICT DO NOTHING;
SELECT setval(pg_get_serial_sequence('"Questions"', 'Id'), GREATEST(10, MAX("Id"))) FROM "Questions";


INSERT INTO "Answers" ("Id", "QuestionId", "AnswerTxt", "IsCorrect") VALUES
(1,  1,  'Carbon dioxide (CO2)',                                true),
(2,  1,  'Oxygen (O2)',                                        false),
(3,  1,  'Nitrogen (N2)',                                      false),
(4,  1,  'Methane (CH4)',                                      false),
(5,  2,  'Heavy rainfall',                                     true),
(6,  2,  'Tree planting',                                      false),
(7,  2,  'Mulching',                                           false),
(8,  2,  'Composting',                                         false),
(9,  3,  'Solar energy',                                       true),
(10, 3,  'Coal',                                               false),
(11, 3,  'Natural gas',                                        false),
(12, 3,  'Petroleum',                                          false),
(13, 4,  'About 31%',                                          true),
(14, 4,  'About 10%',                                          false),
(15, 4,  'About 50%',                                          false),
(16, 4,  'About 65%',                                          false),
(17, 5,  'Planting native species',                            true),
(18, 5,  'Using pesticides broadly',                           false),
(19, 5,  'Removing all undergrowth',                           false),
(20, 5,  'Monoculture planting',                               false),
(21, 6,  'Capturing and storing CO2 in plants and soil',       true),
(22, 6,  'Burning fossil fuels',                               false),
(23, 6,  'Releasing carbon gases',                             false),
(24, 6,  'Filtering water',                                    false),
(25, 7,  'Bees',                                               true),
(26, 7,  'Earthworms',                                         false),
(27, 7,  'Ants',                                               false),
(28, 7,  'Beetles',                                            false),
(29, 8,  'A non-native species that harms the local ecosystem',true),
(30, 8,  'A species that is endangered',                       false),
(31, 8,  'A plant grown in an arboretum',                      false),
(32, 8,  'A species that only lives underground',              false),
(33, 9,  'Drip irrigation',                                    true),
(34, 9,  'Overhead sprinklers',                                false),
(35, 9,  'Daily hosing',                                       false),
(36, 9,  'Flood irrigation',                                   false),
(37, 10, 'Breaking down dead organic matter into nutrients',   true),
(38, 10, 'Producing oxygen',                                   false),
(39, 10, 'Pollinating flowers',                                false),
(40, 10, 'Controlling pests',                                  false)
ON CONFLICT DO NOTHING;
SELECT setval(pg_get_serial_sequence('"Answers"', 'Id'), GREATEST(40, MAX("Id"))) FROM "Answers";

INSERT INTO "__EFMigrationsHistory" ("MigrationId", "ProductVersion")
VALUES ('20260510202138_AddQuizQuestionAnswer', '9.0.14');

ALTER TABLE "Users" ADD "SoloScore" bigint NOT NULL DEFAULT 0;

INSERT INTO "__EFMigrationsHistory" ("MigrationId", "ProductVersion")
VALUES ('20260510202730_AddUserSoloScore', '9.0.14');

ALTER TABLE "Users" DROP COLUMN "SoloScore";

CREATE TABLE "UserStatistics" (
    "Id" bigint GENERATED BY DEFAULT AS IDENTITY,
    "UserId" bigint NOT NULL,
    "CheckpointsVisited" integer NOT NULL,
    "PicturesTaken" integer NOT NULL,
    "PartiesJoined" integer NOT NULL,
    "GamesPlayed" integer NOT NULL,
    "TotalPoints" bigint NOT NULL,
    CONSTRAINT "PK_UserStatistics" PRIMARY KEY ("Id"),
    CONSTRAINT "FK_UserStatistics_Users_UserId" FOREIGN KEY ("UserId") REFERENCES "Users" ("Id") ON DELETE CASCADE
);

CREATE UNIQUE INDEX "IX_UserStatistics_UserId" ON "UserStatistics" ("UserId");

INSERT INTO "__EFMigrationsHistory" ("MigrationId", "ProductVersion")
VALUES ('20260511090047_AddUserStatistics', '9.0.14');

ALTER TABLE "Sensors" ADD "PopUpId" bigint;

CREATE TABLE "PopUps" (
    "Id" bigint GENERATED BY DEFAULT AS IDENTITY,
    "InfoText" text NOT NULL,
    CONSTRAINT "PK_PopUps" PRIMARY KEY ("Id")
);

CREATE UNIQUE INDEX "IX_Sensors_PopUpId" ON "Sensors" ("PopUpId");

ALTER TABLE "Sensors" ADD CONSTRAINT "FK_Sensors_PopUps_PopUpId" FOREIGN KEY ("PopUpId") REFERENCES "PopUps" ("Id") ON DELETE SET NULL;

INSERT INTO "__EFMigrationsHistory" ("MigrationId", "ProductVersion")
VALUES ('20260512042947_AddSensorPopUp', '9.0.14');

CREATE TABLE "UserPointsLogs" (
    "Id" bigint GENERATED BY DEFAULT AS IDENTITY,
    "UserId" bigint NOT NULL,
    "PointsEarned" bigint NOT NULL,
    "EarnedAt" timestamp with time zone NOT NULL,
    CONSTRAINT "PK_UserPointsLogs" PRIMARY KEY ("Id"),
    CONSTRAINT "FK_UserPointsLogs_Users_UserId" FOREIGN KEY ("UserId") REFERENCES "Users" ("Id") ON DELETE CASCADE
);

CREATE INDEX "IX_UserPointsLogs_UserId_EarnedAt" ON "UserPointsLogs" ("UserId", "EarnedAt");

INSERT INTO "__EFMigrationsHistory" ("MigrationId", "ProductVersion")
VALUES ('20260517155246_AddUserPointsLog', '9.0.14');

ALTER TABLE "Users" DROP COLUMN "Name";

INSERT INTO "__EFMigrationsHistory" ("MigrationId", "ProductVersion")
VALUES ('20260517212423_RemoveUserName', '9.0.14');

CREATE TABLE "UserBadges" (
    "Id" bigint GENERATED BY DEFAULT AS IDENTITY,
    "UserId" bigint NOT NULL,
    "BadgeId" text NOT NULL,
    "EarnedAt" timestamp with time zone NOT NULL,
    CONSTRAINT "PK_UserBadges" PRIMARY KEY ("Id"),
    CONSTRAINT "FK_UserBadges_Users_UserId" FOREIGN KEY ("UserId") REFERENCES "Users" ("Id") ON DELETE CASCADE
);

CREATE UNIQUE INDEX "IX_UserBadges_UserId_BadgeId" ON "UserBadges" ("UserId", "BadgeId");

INSERT INTO "__EFMigrationsHistory" ("MigrationId", "ProductVersion")
VALUES ('20260517215311_AddUserBadges', '9.0.14');

ALTER TABLE "SensorData" ADD "RawMoisture" integer NOT NULL DEFAULT 0;

INSERT INTO "__EFMigrationsHistory" ("MigrationId", "ProductVersion")
VALUES ('20260519093242_AddRawMoistureToSensorData', '9.0.14');

ALTER TABLE "SensorData" ALTER COLUMN "Wind" DROP NOT NULL;

ALTER TABLE "SensorData" ALTER COLUMN "SoilMoisture" TYPE integer;
ALTER TABLE "SensorData" ALTER COLUMN "SoilMoisture" DROP NOT NULL;

CREATE UNIQUE INDEX "IX_Users_Email" ON "Users" ("Email");

CREATE UNIQUE INDEX "IX_Users_Username" ON "Users" ("Username");

INSERT INTO "__EFMigrationsHistory" ("MigrationId", "ProductVersion")
VALUES ('20260520130217_AddUserUniqueConstraints', '9.0.14');

CREATE INDEX "IX_SensorData_SensorsId_Timestamp" ON "SensorData" ("SensorsId", "Timestamp" DESC);

DROP INDEX "IX_Elements_IsApproved";

CREATE INDEX "IX_Elements_IsApproved" ON "Elements" ("IsApproved") WHERE "IsApproved" = false;

INSERT INTO "__EFMigrationsHistory" ("MigrationId", "ProductVersion")
VALUES ('20260520131439_AddPerformanceIndexes', '9.0.14');

ALTER TABLE "SensorData" ALTER COLUMN "Wind" DROP NOT NULL;

ALTER TABLE "SensorData" ALTER COLUMN "SoilMoisture" TYPE integer;
ALTER TABLE "SensorData" ALTER COLUMN "SoilMoisture" DROP NOT NULL;

ALTER TABLE "Elements" ADD "AiConfidence" real;

ALTER TABLE "Elements" ADD "AiResult" text;

ALTER TABLE "Elements" ADD "AiSummary" text;

ALTER TABLE "Elements" ADD "IsRejected" boolean NOT NULL DEFAULT FALSE;

INSERT INTO "__EFMigrationsHistory" ("MigrationId", "ProductVersion")
VALUES ('20260603181729_AddElementSoftDelete', '9.0.14');

ALTER TABLE "Elements" ADD "AiClassification" text;

ALTER TABLE "Elements" ADD "AnalysedAt" timestamp with time zone;

INSERT INTO "__EFMigrationsHistory" ("MigrationId", "ProductVersion")
VALUES ('20260608160146_AddAiClassificationAndAnalysedAt', '9.0.14');

COMMIT;

